Number of Files,Lines of Code,Time (Seconds),Peak Memory (MB)
10,5000,0.029666832000202703,1.71875
20,10000,0.04346363799959363,1.71875
30,15000,0.05713073600009011,1.71875
40,20000,0.07864910199987207,1.71875
50,25000,0.1103954509999312,1.71875
60,30000,0.15493931299988617,1.71875
70,35000,0.14437439199991786,1.71875
80,40000,0.16274778099977993,1.71875
90,45000,0.1895957910001016,1.71875
100,50000,0.20490175299983093,1.71875
