Number of Files,Time (Seconds)
50,0.007044115000098827
100,0.019053594000070007
150,0.020723157000020365
200,0.02463259499995729
250,0.030150141999911284
300,0.034404494999989765
350,0.03992951999998695
400,0.05009939499996108
450,0.04894072599995525
500,0.06212264900000264
