Number of Files,Lines of Code,Time (Seconds)
10,5000,0.030101865000006
20,10000,0.05290492900007848
30,15000,0.07726577099992937
40,20000,0.079483018000019
50,25000,0.09582718199999363
60,30000,0.1349624130000393
70,35000,0.1683332730001439
80,40000,0.16682908400002816
90,45000,0.1905630230000952
100,50000,0.23264522799991028
