Number of Files,Time (Seconds)
50,0.012381065999989005
100,0.012282273999971949
150,0.017554945000028965
200,0.023702695999872958
250,0.046899842999891916
300,0.035799650999933874
350,0.03871501599996918
400,0.07050027799982672
450,0.05033581900011086
500,0.05455106199997317
